station_id,name,lat,lon,capacity
6026,Østbanehallen,59.910499184043516,10.750505532434318,35
5431,NRK,59.933349714027514,10.71960326747913,21
5424,Makrellbekken T,59.94190336268767,10.674100664853142,18
5220,Blindern vgs,59.9499087772916,10.730185223294967,20
5217,Egertorget,59.9126744968093,10.742025127034452,30
5113,Leirfallsgata,59.919114923856284,10.757830546598228,15
4683,Valle Vision,59.91606483663281,10.807177606311825,21
4552,Bryn Brannstasjon,59.91270214297066,10.813812726778053,18
3725,Vestre Aker Kirke,59.936006155097004,10.73190903696522,19
2358,Aker Brygge 3 mot Fergene,59.91084649016395,10.729732454567795,14
2357,Aker Brygge 2 mot Rådhusplassen,59.91113081194453,10.730409170393784,24
2355,Økern T-bane,59.928894918817605,10.806234776281599,12
2351,Sogn Studentby,59.95208441268443,10.727852791011173,18
2350,Blindern T-Bane,59.940228559500554,10.716552385179028,25
2349,Maritimt Museum,59.90291159389537,10.698019009343994,21
2347,Huk 2,59.89843953196814,10.674396692263628,30
2340,Tiedemannsparken,59.92024767905539,10.793540704010042,25
2339,Elgsletta,59.91564920880896,10.761724502548105,30
2337,Universitetsgata,59.91591543378553,10.737834990277321,15
2334,Nybrua holdeplass,59.916544926082935,10.757428972017067,12
2333,Akerselvallmenningen,59.90725889890288,10.754884663589621,15
2332,Krohgstøtten hospital,59.91629601075576,10.757376666842816,12
2330,Stjerneplassen,59.91323316606503,10.749958763650312,15
2329,Via Vika,59.91271286014364,10.727170827087008,15
2328,The Hub,59.912471643428546,10.750847496059066,21
2315,Rostockgata,59.90691970255054,10.760311802881915,18
2308,Gunerius,59.91459878869395,10.753398500006654,12
2307,Domus Athletica,59.946219381760216,10.724626314653563,30
2306,Økern Portal,59.930903961728745,10.80193969590286,18
2305,Hesselbergs Gate,59.927777943193746,10.761256419316368,15
2304,Hedmarksgata,59.91178403655783,10.783884345957915,18
2280,Klingenberggata,59.913150534075015,10.732281291700133,15
2270,Lørenporten,59.928710966693274,10.799914801820819,20
1919,Kværnerveien,59.90591104488692,10.778658835781357,6
1755,Aker Brygge 1 mot Nasjonalmuseet,59.91119901776625,10.73008965925888,33
1101,Stortingstunnelen,59.91065301806209,10.737365277561025,24
1023,Professor Aschehougs plass,59.9147672,10.740971,15
1009,Borgenveien,59.942742106473666,10.703833031254021,10
970,Enerhaugen,59.91320242563816,10.767579386407874,25
787,Kirkegata 15,59.91015615055511,10.743456971511705,12
627,Skøyen Stasjon,59.922723981014094,10.67862514536896,30
623,7. juni-plassen,59.915079772688216,10.730589336669283,21
624,Dælenenggata,59.9287502718149,10.767546377298158,20
626,Drammensveien,59.9204038,10.691147,24
614,Sinsen T-bane,59.938863086921295,10.780603250331886,24
616,Salt,59.906922167198275,10.746530272588245,15
618,Bak Niels Treschows hus sør,59.94247260310697,10.723715245368956,42
621,Torshovdalen øst,59.93285662158759,10.777633472422016,27
622,Pilestredet 63,59.9238826,10.7313627,30
613,Schives gate,59.92095635370271,10.714055629614734,27
620,Bislettgata,59.92377440938114,10.734712874574,40
596,Idioten,59.931020132184614,10.736036647971048,18
617,Bjerregaardsgate Øst,59.92716771401357,10.749754560118863,21
609,Fred Olsens gate,59.911097523090575,10.749409191256262,27
607,Marcus Thranes gate,59.93277225626508,10.758594919923468,30
603,Frogner plass,59.9225392,10.7045406,18
590,Majorstua skole,59.9294351,10.7136816,40
610,Sotahjørnet,59.9099822,10.7914482,20
608,Colletts gate,59.93068679863987,10.746273349149249,21
593,Bjølsen mølle,59.9392403070359,10.768771317790996,30
530,Holbergs plass,59.9193095,10.7343051,10
463,Schous plass trikkestopp,59.9207284,10.7594857,20
475,Hausmanns bru,59.9146509,10.7598719,24
439,Mølleparken,59.9283928,10.7559693,25
600,Dyvekes bru,59.905323,10.7689579,12
440,Lakkegata,59.9172088,10.7622135,18
612,Ensjøveien,59.91662195885618,10.783309055819714,19
491,Brugata,59.91366109486603,10.75729364846211,18
493,Sofienbergparken nordvest,59.9243639,10.7615858,30
410,Landstads gate,59.929005,10.7496755,27
605,Økernveien,59.917023632719406,10.779880090762617,18
388,Skovveien,59.9163309,10.716349,18
591,Grenseveien,59.92464487862039,10.781726510450724,24
592,Badebakken,59.94558091179507,10.760323881579982,18
585,Nordre gate,59.92114988507087,10.754714015938562,18
565,Mailundveien,59.9309181,10.7728203,18
571,Over Rådhusgata,59.9101207,10.7407129,21
568,Frognerveien,59.9170851,10.7128796,15
588,Meltzers gate,59.9180141,10.7184345,21
584,Henrik Wergelands allé,59.9268942,10.7207894,35
569,Botanisk hage sør-vest,59.91783548782385,10.766373769557958,30
577,Arkaden Nord,59.9121472,10.7480527,30
564,Oscars gate,59.9224222,10.7272388,30
570,Frøen T-bane,59.9347352,10.7096985,15
572,Skøyen,59.92226850808104,10.679579749668129,40
587,Riddervoldplass,59.9191421,10.7196414,15
586,Københavngata busstopp,59.9294565845173,10.769121495700826,27
576,Dronningens gate,59.911392299457006,10.747281829592453,18
566,Hoff terrasse holdeplass,59.92735028853744,10.675358878141424,24
602,Jarlsborgveien,59.930448367431495,10.675795947855363,18
575,Sognsveien,59.94743324225673,10.732569703704815,30
567,Forskningsveien,59.945450633702556,10.713867957672134,39
582,Stavangergata,59.94114763297182,10.750775120272449,30
595,Skarpsnoparken,59.914871,10.701037,24
542,Grünerhagen Nord,59.9224256,10.7554274,20
563,Huitfeldts gate,59.9126844,10.7229003,18
558,Dokkveien,59.910974,10.7277001,15
552,Trelastgata,59.90792335394997,10.762664918094174,18
555,Griffenfeldts gate,59.9337026,10.7519299,15
573,Tordenskiolds gate,59.911776299209265,10.735113005880237,24
561,Kirkeveien,59.93347989334691,10.726294394131088,24
615,Munkedamsveien,59.9135227,10.7301061,21
543,Fyrstikktorget,59.91381587564694,10.798093360118871,20
554,Tåsen Senter,59.952615806973114,10.751224444725295,21
574,Annette Thommessens Plass,59.9107393,10.7609998,12
560,Gaustad T-bane,59.94595873686865,10.7104318614318,9
548,Colbjørnsens gate,59.91731888534716,10.716909039918278,18
559,Hoffsveien,59.9238488076723,10.676038846936422,18
545,Arkaden Sør,59.91188955934541,10.747774569135402,39
550,Thereses gate,59.9261462,10.7310355,9
541,Langkaia,59.9080552,10.7479977,12
527,Biskop Gunnerus' gate,59.9123341,10.752292,12
529,Friggfeltet,59.9327726,10.7114661,21
526,Lille Grensen,59.9138973,10.7423101,15
537,St. Olavs gate,59.91780874269165,10.738664052059619,20
547,Skippergata,59.9112227,10.7481976,30
601,Rolf Wickstrøms vei,59.9534114,10.7577241,20
533,Sørvest for Slottsparken,59.915262,10.7253157,12
535,Uranienborgveien,59.9200421,10.726634,27
524,Volvat,59.93306277703957,10.7039612051301,21
519,Thomas Heftyes plass,59.918578143336774,10.703899530059402,24
534,Filipstadveien,59.91022708810348,10.720971630915614,39
521,Jess Carlsens gate,59.9186359,10.7523939,15
518,Schwensens gate,59.92481470756533,10.739355810852345,18
556,Pilestredet,59.9262242,10.7296246,18
525,Myraløkka Øst,59.937205,10.7605813,15
517,Tåsenløkka,59.9433939,10.7482848,18
523,Tøyenbekken,59.9115945,10.7617736,30
522,Mandalls gate,59.9123469,10.7638147,10
594,Kampen park Øst,59.915182,10.782129,21
532,Brynseng T-bane,59.90918420865812,10.81431433498766,21
509,Kjeld Stubs gate,59.912711,10.735595,12
531,Monolittveien,59.93586793735034,10.681128349723906,18
536,Diakonhjemmet,59.936302037310725,10.705449311057379,10
562,Slottsparken Øst,59.917485,10.732128,40
511,Henrik Ibsens gate,59.915088,10.7222803,24
505,Marienlystparken,59.93209525310027,10.723364916539367,24
501,Krebs' gate,59.935995,10.765413,18
514,Sofienberggata,59.9212063,10.7699892,12
500,Anker Hotel,59.9172794,10.7581553,18
503,Fagerheimgata,59.927605868377185,10.76598469881135,33
513,Bøkkerveien,59.9273747,10.7960147,15
498,HasleLinje,59.927601526969,10.799203208176777,12
507,Jens Bjelkes Gate,59.91914743024347,10.76412958416006,20
512,Ensjø T-bane,59.9131891,10.7897605,30
619,Bak Niels Treschows hus nord,59.942780248542554,10.722993731144015,42
474,Blindern studentparkering,59.940873733543725,10.720778851520523,42
580,Georg Morgenstiernes hus,59.939025551395765,10.723002619643406,45
496,Fysikkbygningen,59.937957367051965,10.719488529430388,45
482,Nydalen,59.952868,10.766483,18
407,Sagene bussholdeplass,59.937743,10.751648,15
409,John Colletts plass,59.940398,10.730036,25
451,Suhms gate,59.929419,10.726195,21
402,Lørenveien,59.93087712510462,10.791823716034969,21
516,Finnmarksgata,59.922839,10.775658,15
625,Spikersuppa Øst,59.91336,10.737663,42
429,Thune,59.92208,10.68588,21
380,Bentsebrugata,59.93923,10.75917,24
583,Galgeberg,59.90707579234818,10.779164402446728,18
398,Ringnes Park,59.92843404417577,10.75943014633117,18
381,Grønlands torg,59.91252,10.76224,15
464,Sukkerbiten,59.9051667124711,10.753782728070433,44
442,Vulkan,59.92251,10.75101,18
483,Hausmanns gate,59.915451,10.758328,21
458,Jenny Braatens Plass,59.928349,10.77837,15
499,Bjerregaards gate,59.925488,10.746058,21
472,Arendalsgata,59.9378,10.7541,24
506,Botanisk Hage vest,59.92012811804052,10.768875408563598,27
465,Bjørvika,59.909006,10.75618,30
611,Bankplassen,59.908454,10.741869,39
404,Oslo Handelsgymnasium,59.914306,10.720202,27
579,Bogstadveien,59.924732,10.724628,18
589,Huk 1,59.89851335112289,10.674409149852835,27
434,Lindern,59.9358883,10.7350062,21
462,Stensparken,59.92714,10.730981,15
578,Hallings gate,59.922777,10.738655,24
415,Sinsenveien,59.929542,10.781053,12
423,Schous plass,59.920335,10.760804,20
412,Jakob kirke,59.917866,10.754898,9
387,Studenterlunden,59.914586,10.735453,15
441,Vippetangen øst,59.903989,10.741077,15
454,Furulund,59.9198098,10.651118,24
436,Vestkanttorvet,59.9244031,10.7130691,15
394,Bjølsen Studentby,59.943777539367225,10.760121127577955,21
497,Sirkustomta,59.919252,10.774712,27
581,Jordalgata,59.908227,10.781088,24
461,Vålerenga,59.908576,10.786856,21
599,Paléhaven,59.910319910943485,10.749992946324426,48
428,Olav Kyrres plass,59.9193337,10.6968953,24
400,OsloMet,59.919927,10.735428,25
487,Carl Berners plass nord,59.926929,10.776971,21
438,BI Nydalen,59.949239,10.768576,42
459,Valkyrieplassen,59.9281319,10.71842,12
433,Ila,59.931828,10.748745,18
399,Uelands gate,59.929545,10.7489862,36
489,Torggata,59.91598309274519,10.75155119076095,30
742,Hasle,59.924342,10.79285,30
551,Olaf Ryes plass,59.922425,10.758182,35
406,Carl Berners plass sør,59.92507,10.775996,12
488,Torshovparken vest,59.93507,10.76915,24
540,Lilleborgbanen,59.93363159074286,10.769118139881124,36
431,Chr. Michelsens Gate,59.927292,10.773185,20
393,Hans Nielsen Hauges plass,59.939244,10.774319,21
420,Bjølsendumpa,59.94032925181832,10.766136667493829,21
397,Storo Storsenter,59.94671044754387,10.773805285879131,36
390,Saga Kino,59.91424026794647,10.732771354719745,30
449,Ruseløkkgården,59.91357497092093,10.726229742333288,24
430,Spikersuppa Vest,59.91372007130073,10.735886645853412,42
484,Karenslyst allé,59.92033,10.683814,35
479,Tjuvholmen,59.909467,10.722509,30
403,Parkveien,59.921768,10.730476,15
435,Fram-gården,59.915424,10.714577,30
426,Gimle Kino,59.91728078292675,10.708375798767435,21
450,Elisenberg,59.919524,10.70884,15
456,Frognerstranda,59.9103558,10.7051061,35
468,Skillebekk,59.912793405455375,10.710103028570302,15
453,Frogner Stadion,59.92753764682686,10.710262803261259,36
466,Ullevålsalléen,59.937913,10.73048,15
469,Studentparlamentet,59.920852,10.733357,30
416,Tannlegehøyskolen,59.932383,10.741475,15
391,Colletts gate 31,59.92683548000409,10.738352113653718,15
389,Pilestredet Studenthus,59.9205528,10.7342854,18
470,St. Hanshaugen park nord,59.92981128213597,10.743587594130702,15
384,Vår Frelsers gravlund,59.91944043984847,10.7437646218726,18
425,Adamstuen,59.932792,10.734457,8
411,Hasle Torg,59.923240042155456,10.792831438028703,12
598,Sofienbergparken nord,59.923229,10.766171,33
444,AHO,59.925265,10.750462,20
447,Kværnerbyen,59.904473,10.786167,30
408,Tøyen skole,59.914943,10.773977,15
737,Munkegata,59.908255,10.7678,24
432,St. Hanshaugen park sør,59.924821,10.739909,12
401,Lille Schous plass,59.920259,10.760629,6
452,Vippetangen vest,59.903989,10.740627,30
392,Sjøsiden,59.910180852633516,10.751698750995615,10
481,Rådhusgata,59.910924,10.736215,42
495,Vaterlandsparken,59.91351552854147,10.757334670552268,41
478,Jernbanetorget,59.91188166348664,10.749962544694341,15
414,Kontraskjæret,59.910242,10.73857,12
476,Edvard Storms gate,59.919111,10.736179,20
445,Sjølyst,59.921673,10.67666,18
748,Hydroparken,59.914145,10.715505,30
473,Majorstuveien,59.926697,10.716195,9
383,Arkitekt Rivertz Plass,59.934936,10.749466,30
480,Helga Helgesens plass,59.9121109,10.7661939,25
421,Alexander Kiellands Plass,59.92806670615684,10.751202636819613,24
746,Bygdøy allé,59.919001,10.692321,12
417,Uranienborgparken,59.922485,10.720896,15
427,Briskeby,59.920218,10.717978,15
395,Frogner Tennisklubb,59.9261831,10.7098327,15
418,Norsk Folkemuseum,59.9076983512052,10.686805381168313,27
413,Majorstuen,59.929045,10.716926,18
486,Blindern Studenthus,59.93522040770026,10.726476622250004,24
597,Fredensborg,59.920995,10.750358,15
422,St. Hanshaugen,59.923703,10.740542,12
382,Stensgata,59.92958561753996,10.732839000000013,9
396,Kirkeristen,59.91300035973293,10.746760585982287,24
735,Oslo Hospital,59.90321254732584,10.7673442932541,15
437,Sentrum Scene,59.91546786564256,10.751140873016311,24
446,Bislett Stadion,59.925471317049954,10.73121932213806,24
424,Birkelunden,59.9256113,10.760926,10
455,Sofienbergparken sør,59.922337,10.7617503,12
457,Trondheimsveien,59.9230577,10.7717192,10
377,Tøyenparken,59.915667,10.7775665,29
738,Lodalen busstopp,59.9034528,10.777958,12
460,Botanisk Hage sør,59.915417698024385,10.76933022142641,29
744,Hallénparken,59.9315302,10.762169,10
485,Sommerfrydhagen,59.911453,10.776072,21
